year,state,district,disease_name,temperature,humidity,rainfall,ndvi,water_index,cases
2001,Tamil Nadu,Ariyalur,34.1,75.3,145.5,0.61,0.4,138
2002,Tamil Nadu,Ariyalur,34.0,81.2,138.6,0.43,0.48,152
2003,Tamil Nadu,Ariyalur,28.7,66.9,110.8,0.64,0.42,197
2004,Tamil Nadu,Ariyalur,33.7,81.2,151.3,0.68,0.55,70
2005,Tamil Nadu,Ariyalur,28.7,81.5,165.9,0.39,0.45,105
2006,Tamil Nadu,Ariyalur,32.8,79.1,115.0,0.3,0.5,152
2007,Tamil Nadu,Ariyalur,26.6,77.8,96.3,0.64,0.46,177
2008,Tamil Nadu,Ariyalur,29.6,69.3,108.1,0.58,0.64,181
2009,Tamil Nadu,Ariyalur,33.3,77.3,137.5,0.53,0.59,74
2010,Tamil Nadu,Ariyalur,35.2,65.7,143.1,0.59,0.47,143
2011,Tamil Nadu,Ariyalur,34.5,79.0,170.4,0.68,0.7,126
2012,Tamil Nadu,Ariyalur,28.2,63.4,100.9,0.56,0.48,124
2013,Tamil Nadu,Ariyalur,28.9,63.4,192.1,0.68,0.64,151
2014,Tamil Nadu,Ariyalur,31.7,77.4,135.0,0.45,0.45,89
2015,Tamil Nadu,Ariyalur,33.5,82.7,106.2,0.63,0.43,47
2016,Tamil Nadu,Ariyalur,33.4,75.6,82.2,0.54,0.6,37
2017,Tamil Nadu,Ariyalur,28.1,62.6,144.1,0.5,0.78,58
2018,Tamil Nadu,Ariyalur,28.8,81.6,188.1,0.52,0.67,127
2019,Tamil Nadu,Ariyalur,30.3,66.0,144.8,0.34,0.65,111
2020,Tamil Nadu,Ariyalur,28.2,77.7,133.3,0.39,0.7,139
2021,Tamil Nadu,Ariyalur,36.0,84.8,96.0,0.49,0.44,66
2022,Tamil Nadu,Ariyalur,31.2,61.2,131.6,0.69,0.48,90
2023,Tamil Nadu,Ariyalur,28.8,83.4,198.5,0.43,0.51,76
2024,Tamil Nadu,Ariyalur,28.2,80.3,86.4,0.41,0.46,36
2025,Tamil Nadu,Ariyalur,30.5,78.8,195.8,0.36,0.47,55
2000,Tamil Nadu,Chengalpattu,34.0,61.4,89.8,0.4,0.49,134
2001,Tamil Nadu,Chengalpattu,30.5,83.6,170.7,0.33,0.68,47
2002,Tamil Nadu,Chengalpattu,33.5,66.0,128.0,0.52,0.44,120
2003,Tamil Nadu,Chengalpattu,28.6,60.1,110.2,0.62,0.69,88
2004,Tamil Nadu,Chengalpattu,27.7,75.9,172.8,0.64,0.68,166
2005,Tamil Nadu,Chengalpattu,26.5,71.7,95.8,0.69,0.65,111
2006,Tamil Nadu,Chengalpattu,26.7,76.4,158.8,0.36,0.79,139
2007,Tamil Nadu,Chengalpattu,32.7,72.1,197.6,0.4,0.79,184
2008,Tamil Nadu,Chengalpattu,29.0,74.3,141.3,0.58,0.6,135
2009,Tamil Nadu,Chengalpattu,30.7,82.1,136.7,0.56,0.4,183
2010,Tamil Nadu,Chengalpattu,32.6,82.8,116.5,0.38,0.41,60
2011,Tamil Nadu,Chengalpattu,32.5,66.8,156.3,0.49,0.49,143
2012,Tamil Nadu,Chengalpattu,31.5,78.3,108.0,0.42,0.77,165
2013,Tamil Nadu,Chengalpattu,29.7,70.5,107.5,0.42,0.72,39
2014,Tamil Nadu,Chengalpattu,30.6,73.7,122.7,0.69,0.46,135
2015,Tamil Nadu,Chengalpattu,33.5,63.3,105.0,0.46,0.42,139
2016,Tamil Nadu,Chengalpattu,30.2,74.2,189.0,0.31,0.72,24
2017,Tamil Nadu,Chengalpattu,33.1,82.1,148.3,0.66,0.5,121
2018,Tamil Nadu,Chengalpattu,26.4,78.1,129.5,0.42,0.54,79
2019,Tamil Nadu,Chengalpattu,28.0,84.4,138.2,0.66,0.51,48
2020,Tamil Nadu,Chengalpattu,36.0,61.8,159.3,0.5,0.48,172
2021,Tamil Nadu,Chengalpattu,32.0,63.1,192.9,0.54,0.71,89
2022,Tamil Nadu,Chengalpattu,32.4,79.4,143.0,0.38,0.78,87
2023,Tamil Nadu,Chengalpattu,30.5,70.9,115.7,0.41,0.49,63
2024,Tamil Nadu,Chengalpattu,27.0,66.7,102.6,0.62,0.5,23
2025,Tamil Nadu,Chengalpattu,28.6,67.2,81.4,0.47,0.73,101
2000,Tamil Nadu,Chennai,35.8,63.7,174.2,0.35,0.45,145
2001,Tamil Nadu,Chennai,33.6,64.5,152.6,0.6,0.56,73
2002,Tamil Nadu,Chennai,35.4,72.0,150.0,0.31,0.76,98
2003,Tamil Nadu,Chennai,28.6,73.1,189.4,0.62,0.61,67
2004,Tamil Nadu,Chennai,33.5,76.7,86.3,0.61,0.55,188
2005,Tamil Nadu,Chennai,34.6,69.9,92.3,0.63,0.59,79
2006,Tamil Nadu,Chennai,27.1,81.5,182.4,0.55,0.52,37
2007,Tamil Nadu,Chennai,27.5,81.4,86.0,0.41,0.71,44
2008,Tamil Nadu,Chennai,29.3,61.6,110.7,0.35,0.7,32
2009,Tamil Nadu,Chennai,26.7,74.2,147.0,0.44,0.51,184
2010,Tamil Nadu,Chennai,29.9,83.1,82.3,0.49,0.56,182
2011,Tamil Nadu,Chennai,33.5,63.0,84.0,0.44,0.69,159
2012,Tamil Nadu,Chennai,31.8,83.9,95.9,0.66,0.53,67
2013,Tamil Nadu,Chennai,34.9,76.7,199.6,0.64,0.63,179
2014,Tamil Nadu,Chennai,30.1,77.4,96.6,0.68,0.64,42
2015,Tamil Nadu,Chennai,27.7,71.7,197.3,0.64,0.66,126
2016,Tamil Nadu,Chennai,35.8,61.9,162.9,0.49,0.7,50
2017,Tamil Nadu,Chennai,31.3,80.1,169.5,0.57,0.61,125
2018,Tamil Nadu,Chennai,27.5,73.6,86.9,0.35,0.65,178
2019,Tamil Nadu,Chennai,28.2,72.9,134.6,0.32,0.48,39
2020,Tamil Nadu,Chennai,31.2,72.4,114.7,0.32,0.48,36
2021,Tamil Nadu,Chennai,34.9,66.3,127.9,0.51,0.62,37
2022,Tamil Nadu,Chennai,31.8,63.0,174.0,0.58,0.42,180
2023,Tamil Nadu,Chennai,34.3,75.5,170.6,0.45,0.74,187
2024,Tamil Nadu,Chennai,28.2,82.0,152.2,0.51,0.67,153
2025,Tamil Nadu,Chennai,33.3,84.5,159.4,0.43,0.61,129
2000,Tamil Nadu,Coimbatore,34.0,68.7,130.4,0.35,0.41,66
2001,Tamil Nadu,Coimbatore,27.3,62.3,173.0,0.64,0.44,127
2002,Tamil Nadu,Coimbatore,34.7,78.5,180.4,0.4,0.72,182
2003,Tamil Nadu,Coimbatore,27.5,65.6,147.4,0.31,0.52,21
2004,Tamil Nadu,Coimbatore,33.9,70.7,112.6,0.68,0.61,133
2005,Tamil Nadu,Coimbatore,29.3,66.5,181.2,0.64,0.44,180
2006,Tamil Nadu,Coimbatore,34.3,85.0,92.9,0.56,0.52,157
2007,Tamil Nadu,Coimbatore,27.1,82.5,140.9,0.67,0.45,24
2008,Tamil Nadu,Coimbatore,30.8,61.0,104.9,0.32,0.4,189
2009,Tamil Nadu,Coimbatore,27.2,68.5,152.0,0.43,0.7,26
2010,Tamil Nadu,Coimbatore,27.8,64.6,161.2,0.44,0.54,137
2011,Tamil Nadu,Coimbatore,30.4,80.8,91.0,0.6,0.44,89
2012,Tamil Nadu,Coimbatore,31.9,71.0,132.0,0.66,0.67,164
2013,Tamil Nadu,Coimbatore,30.2,67.6,105.9,0.36,0.44,131
2014,Tamil Nadu,Coimbatore,35.1,73.2,188.8,0.44,0.54,74
2015,Tamil Nadu,Coimbatore,29.5,76.3,171.4,0.65,0.71,39
2016,Tamil Nadu,Coimbatore,26.1,84.1,93.0,0.36,0.73,78
2017,Tamil Nadu,Coimbatore,31.9,75.0,80.8,0.37,0.71,129
2018,Tamil Nadu,Coimbatore,31.5,80.0,197.1,0.57,0.46,110
2019,Tamil Nadu,Coimbatore,31.1,62.8,81.4,0.55,0.57,173
2020,Tamil Nadu,Coimbatore,28.9,73.6,196.1,0.4,0.4,192
2021,Tamil Nadu,Coimbatore,30.8,62.1,183.7,0.41,0.79,38
2022,Tamil Nadu,Coimbatore,26.5,83.2,132.5,0.34,0.67,69
2023,Tamil Nadu,Coimbatore,34.0,75.5,93.1,0.6,0.74,176
2024,Tamil Nadu,Coimbatore,28.3,74.6,137.3,0.52,0.62,198
2025,Tamil Nadu,Coimbatore,31.6,74.0,126.2,0.65,0.5,63
2000,Tamil Nadu,Cuddalore,34.8,62.9,188.4,0.63,0.63,42
2001,Tamil Nadu,Cuddalore,35.0,75.8,180.7,0.48,0.73,185
2002,Tamil Nadu,Cuddalore,34.2,77.9,131.9,0.38,0.79,98
2003,Tamil Nadu,Cuddalore,32.1,73.8,111.2,0.48,0.63,64
2004,Tamil Nadu,Cuddalore,27.4,65.6,103.1,0.48,0.67,130
2005,Tamil Nadu,Cuddalore,26.6,80.2,128.4,0.35,0.53,85
2006,Tamil Nadu,Cuddalore,34.3,78.3,129.6,0.61,0.65,179
2007,Tamil Nadu,Cuddalore,33.8,60.4,127.6,0.69,0.78,89
2008,Tamil Nadu,Cuddalore,32.7,72.5,96.8,0.68,0.55,58
2009,Tamil Nadu,Cuddalore,30.9,67.1,179.0,0.52,0.48,184
2010,Tamil Nadu,Cuddalore,28.3,80.5,151.4,0.63,0.48,87
2011,Tamil Nadu,Cuddalore,29.2,62.0,184.5,0.65,0.62,174
2012,Tamil Nadu,Cuddalore,33.3,72.5,111.6,0.69,0.61,154
2013,Tamil Nadu,Cuddalore,33.4,81.7,85.0,0.65,0.73,100
2014,Tamil Nadu,Cuddalore,28.2,73.5,111.8,0.38,0.54,129
2015,Tamil Nadu,Cuddalore,33.5,66.9,90.8,0.31,0.57,165
2016,Tamil Nadu,Cuddalore,30.6,70.5,151.2,0.44,0.4,120
2017,Tamil Nadu,Cuddalore,33.9,69.9,156.1,0.63,0.46,197
2018,Tamil Nadu,Cuddalore,30.5,80.1,102.0,0.32,0.53,108
2019,Tamil Nadu,Cuddalore,29.7,63.9,177.5,0.67,0.66,146
2020,Tamil Nadu,Cuddalore,26.6,62.1,130.5,0.49,0.63,72
2021,Tamil Nadu,Cuddalore,35.2,61.5,85.3,0.6,0.5,171
2022,Tamil Nadu,Cuddalore,30.8,67.9,173.6,0.54,0.79,37
2023,Tamil Nadu,Cuddalore,26.1,63.1,171.0,0.44,0.61,60
2024,Tamil Nadu,Cuddalore,30.1,75.1,83.4,0.58,0.5,54
2025,Tamil Nadu,Cuddalore,28.3,66.3,146.0,0.41,0.55,109
2000,Tamil Nadu,Dharmapuri,32.6,68.1,186.7,0.68,0.65,142
2001,Tamil Nadu,Dharmapuri,31.5,69.4,85.5,0.61,0.68,163
2002,Tamil Nadu,Dharmapuri,29.0,72.9,90.1,0.64,0.72,168
2003,Tamil Nadu,Dharmapuri,32.1,84.2,176.0,0.44,0.79,68
2004,Tamil Nadu,Dharmapuri,35.4,75.1,106.4,0.56,0.71,122
2005,Tamil Nadu,Dharmapuri,27.5,70.5,192.6,0.43,0.75,113
2006,Tamil Nadu,Dharmapuri,29.7,74.6,150.5,0.43,0.78,55
2007,Tamil Nadu,Dharmapuri,29.6,80.1,134.4,0.3,0.73,142
2008,Tamil Nadu,Dharmapuri,30.0,60.1,151.8,0.33,0.48,26
2009,Tamil Nadu,Dharmapuri,29.6,81.5,123.4,0.31,0.6,77
2010,Tamil Nadu,Dharmapuri,30.4,66.7,123.8,0.63,0.79,52
2011,Tamil Nadu,Dharmapuri,26.4,63.9,118.9,0.33,0.68,60
2012,Tamil Nadu,Dharmapuri,27.5,75.6,171.6,0.37,0.74,187
2013,Tamil Nadu,Dharmapuri,28.7,80.3,166.5,0.45,0.78,58
2014,Tamil Nadu,Dharmapuri,27.2,67.6,184.3,0.48,0.69,142
2015,Tamil Nadu,Dharmapuri,29.7,79.0,131.9,0.42,0.52,73
2016,Tamil Nadu,Dharmapuri,35.9,68.1,102.1,0.39,0.54,106
2017,Tamil Nadu,Dharmapuri,28.9,79.3,159.0,0.34,0.74,66
2018,Tamil Nadu,Dharmapuri,34.0,66.3,134.8,0.43,0.64,32
2019,Tamil Nadu,Dharmapuri,28.3,70.2,159.1,0.34,0.67,103
2020,Tamil Nadu,Dharmapuri,32.9,61.8,90.7,0.38,0.78,87
2021,Tamil Nadu,Dharmapuri,27.2,77.7,146.2,0.67,0.77,83
2022,Tamil Nadu,Dharmapuri,32.7,68.4,199.3,0.44,0.41,155
2023,Tamil Nadu,Dharmapuri,30.0,75.1,143.7,0.55,0.76,34
2024,Tamil Nadu,Dharmapuri,27.8,80.4,196.7,0.45,0.49,159
2025,Tamil Nadu,Dharmapuri,35.3,72.3,168.2,0.4,0.44,68
2000,Tamil Nadu,Dindigul,30.2,81.8,171.3,0.45,0.78,73
2001,Tamil Nadu,Dindigul,26.4,73.8,196.2,0.33,0.52,58
2002,Tamil Nadu,Dindigul,30.6,61.8,174.4,0.57,0.7,134
2003,Tamil Nadu,Dindigul,35.6,77.4,94.0,0.57,0.51,196
2004,Tamil Nadu,Dindigul,30.2,65.7,124.9,0.37,0.5,87
2005,Tamil Nadu,Dindigul,31.2,65.8,103.6,0.63,0.72,75
2006,Tamil Nadu,Dindigul,35.2,77.0,192.8,0.37,0.63,28
2007,Tamil Nadu,Dindigul,33.5,82.9,139.8,0.34,0.69,72
2008,Tamil Nadu,Dindigul,29.1,84.4,168.9,0.36,0.76,56
2009,Tamil Nadu,Dindigul,29.5,69.5,108.9,0.65,0.64,132
2010,Tamil Nadu,Dindigul,31.9,73.4,85.9,0.51,0.42,100
2011,Tamil Nadu,Dindigul,31.7,77.7,194.1,0.65,0.41,68
2012,Tamil Nadu,Dindigul,33.5,68.8,154.6,0.46,0.72,71
2013,Tamil Nadu,Dindigul,26.1,76.1,128.9,0.31,0.68,99
2014,Tamil Nadu,Dindigul,34.4,67.5,140.0,0.68,0.46,141
2015,Tamil Nadu,Dindigul,28.2,73.4,107.9,0.57,0.61,97
2016,Tamil Nadu,Dindigul,27.0,82.1,112.3,0.61,0.6,172
2017,Tamil Nadu,Dindigul,31.3,66.9,154.9,0.43,0.74,186
2018,Tamil Nadu,Dindigul,34.8,73.0,167.4,0.5,0.69,28
2019,Tamil Nadu,Dindigul,30.4,63.3,171.2,0.66,0.59,28
2020,Tamil Nadu,Dindigul,30.0,79.3,141.9,0.57,0.65,113
2021,Tamil Nadu,Dindigul,28.9,75.4,162.8,0.41,0.79,102
2022,Tamil Nadu,Dindigul,34.7,68.5,142.8,0.54,0.59,73
2023,Tamil Nadu,Dindigul,34.6,71.4,136.0,0.66,0.73,29
2024,Tamil Nadu,Dindigul,29.7,73.7,85.7,0.69,0.8,71
2025,Tamil Nadu,Dindigul,29.8,74.3,142.1,0.56,0.48,143
2000,Tamil Nadu,Erode,26.4,74.2,129.5,0.57,0.78,140
2001,Tamil Nadu,Erode,32.9,76.9,94.5,0.45,0.7,124
2002,Tamil Nadu,Erode,29.5,75.9,160.7,0.58,0.77,90
2003,Tamil Nadu,Erode,31.1,67.2,199.7,0.47,0.62,90
2004,Tamil Nadu,Erode,34.0,67.2,175.9,0.39,0.54,140
2005,Tamil Nadu,Erode,35.1,68.3,94.3,0.32,0.53,154
2006,Tamil Nadu,Erode,33.9,70.9,110.0,0.41,0.66,159
2007,Tamil Nadu,Erode,28.0,61.4,155.0,0.6,0.55,143
2008,Tamil Nadu,Erode,32.2,83.9,147.5,0.3,0.64,134
2009,Tamil Nadu,Erode,31.1,64.7,191.8,0.42,0.71,99
2010,Tamil Nadu,Erode,35.5,84.1,115.6,0.63,0.51,32
2011,Tamil Nadu,Erode,26.6,76.0,154.0,0.43,0.43,41
2012,Tamil Nadu,Erode,26.1,76.6,150.2,0.6,0.77,115
2013,Tamil Nadu,Erode,34.5,70.7,114.9,0.41,0.59,20
2014,Tamil Nadu,Erode,27.0,70.3,118.4,0.48,0.58,154
2015,Tamil Nadu,Erode,29.7,83.6,138.4,0.31,0.47,97
2016,Tamil Nadu,Erode,27.9,70.1,137.9,0.62,0.64,151
2017,Tamil Nadu,Erode,26.8,73.3,137.4,0.42,0.42,97
2018,Tamil Nadu,Erode,30.2,83.9,158.5,0.65,0.8,140
2019,Tamil Nadu,Erode,32.3,77.8,92.7,0.44,0.52,23
2020,Tamil Nadu,Erode,30.9,82.2,132.0,0.64,0.67,59
2021,Tamil Nadu,Erode,30.0,67.2,142.7,0.43,0.72,55
2022,Tamil Nadu,Erode,30.2,66.8,138.8,0.69,0.61,177
2023,Tamil Nadu,Erode,31.2,72.1,108.3,0.34,0.71,133
2024,Tamil Nadu,Erode,35.3,60.5,100.1,0.38,0.44,123
2025,Tamil Nadu,Erode,32.5,61.2,84.3,0.41,0.69,42
2000,Tamil Nadu,Kallakurichi,32.4,61.5,161.1,0.38,0.65,132
2001,Tamil Nadu,Kallakurichi,32.0,62.1,190.6,0.66,0.4,71
2002,Tamil Nadu,Kallakurichi,31.8,65.7,100.6,0.35,0.5,85
2003,Tamil Nadu,Kallakurichi,29.9,73.6,128.8,0.42,0.64,36
2004,Tamil Nadu,Kallakurichi,31.3,79.0,99.2,0.54,0.63,180
2005,Tamil Nadu,Kallakurichi,28.0,70.4,155.7,0.64,0.67,179
2006,Tamil Nadu,Kallakurichi,30.0,81.9,92.3,0.36,0.46,182
2007,Tamil Nadu,Kallakurichi,33.2,75.7,185.6,0.35,0.44,175
2008,Tamil Nadu,Kallakurichi,28.6,68.3,154.6,0.38,0.56,89
2009,Tamil Nadu,Kallakurichi,34.8,82.0,129.9,0.59,0.79,136
2010,Tamil Nadu,Kallakurichi,30.6,65.6,198.3,0.69,0.59,146
2011,Tamil Nadu,Kallakurichi,31.2,64.2,139.4,0.59,0.44,135
2012,Tamil Nadu,Kallakurichi,28.9,76.8,138.2,0.44,0.73,127
2013,Tamil Nadu,Kallakurichi,32.0,76.8,126.6,0.69,0.8,23
2014,Tamil Nadu,Kallakurichi,29.2,79.2,139.0,0.65,0.6,153
2015,Tamil Nadu,Kallakurichi,28.7,61.7,131.1,0.31,0.47,30
2016,Tamil Nadu,Kallakurichi,30.4,61.9,101.6,0.4,0.42,100
2017,Tamil Nadu,Kallakurichi,34.6,79.5,105.5,0.61,0.72,117
2018,Tamil Nadu,Kallakurichi,30.1,67.9,153.3,0.57,0.7,29
2019,Tamil Nadu,Kallakurichi,26.9,77.2,186.3,0.44,0.77,167
2020,Tamil Nadu,Kallakurichi,28.7,66.4,140.5,0.38,0.41,90
2021,Tamil Nadu,Kallakurichi,29.8,62.3,187.2,0.46,0.42,152
2022,Tamil Nadu,Kallakurichi,32.1,82.4,175.1,0.67,0.65,139
2023,Tamil Nadu,Kallakurichi,32.2,81.4,108.0,0.49,0.6,160
2024,Tamil Nadu,Kallakurichi,28.2,80.3,181.7,0.55,0.42,162
2025,Tamil Nadu,Kallakurichi,32.9,79.5,151.1,0.5,0.7,97
2000,Tamil Nadu,Kancheepuram,32.4,64.5,165.0,0.38,0.61,174
2001,Tamil Nadu,Kancheepuram,29.9,69.7,94.4,0.62,0.66,78
2002,Tamil Nadu,Kancheepuram,29.6,62.6,160.4,0.65,0.59,107
2003,Tamil Nadu,Kancheepuram,26.5,80.8,148.6,0.51,0.64,123
2004,Tamil Nadu,Kancheepuram,30.4,72.7,169.5,0.62,0.44,158
2005,Tamil Nadu,Kancheepuram,29.6,66.6,116.4,0.35,0.7,161
2006,Tamil Nadu,Kancheepuram,33.6,83.8,131.5,0.33,0.72,156
2007,Tamil Nadu,Kancheepuram,26.7,77.6,143.0,0.55,0.57,130
2008,Tamil Nadu,Kancheepuram,28.0,73.2,81.8,0.4,0.73,177
2009,Tamil Nadu,Kancheepuram,28.8,64.4,168.5,0.38,0.41,190
2010,Tamil Nadu,Kancheepuram,31.9,66.5,97.2,0.34,0.46,70
2011,Tamil Nadu,Kancheepuram,28.4,64.4,97.7,0.69,0.47,25
2012,Tamil Nadu,Kancheepuram,26.7,82.6,85.7,0.62,0.58,187
2013,Tamil Nadu,Kancheepuram,31.6,62.8,159.5,0.69,0.63,196
2014,Tamil Nadu,Kancheepuram,33.4,61.8,143.7,0.61,0.57,129
2015,Tamil Nadu,Kancheepuram,31.1,78.1,129.4,0.67,0.65,61
2016,Tamil Nadu,Kancheepuram,33.9,74.6,177.9,0.67,0.57,150
2017,Tamil Nadu,Kancheepuram,29.3,80.4,195.7,0.56,0.49,72
2018,Tamil Nadu,Kancheepuram,35.8,75.2,199.1,0.63,0.53,129
2019,Tamil Nadu,Kancheepuram,27.5,62.4,193.9,0.49,0.73,110
2020,Tamil Nadu,Kancheepuram,35.7,77.7,160.1,0.54,0.41,67
2021,Tamil Nadu,Kancheepuram,28.7,61.0,191.5,0.54,0.47,101
2022,Tamil Nadu,Kancheepuram,28.0,82.3,124.3,0.31,0.61,63
2023,Tamil Nadu,Kancheepuram,32.6,82.3,193.2,0.64,0.53,73
2024,Tamil Nadu,Kancheepuram,34.7,60.3,85.3,0.54,0.53,194
2025,Tamil Nadu,Kancheepuram,29.1,66.5,193.7,0.44,0.59,173
2000,Tamil Nadu,Kanyakumari,28.6,66.4,196.6,0.63,0.51,122
2001,Tamil Nadu,Kanyakumari,29.0,67.4,123.7,0.55,0.41,110
2002,Tamil Nadu,Kanyakumari,29.3,79.5,171.0,0.32,0.72,72
2003,Tamil Nadu,Kanyakumari,28.9,66.7,136.4,0.45,0.42,102
2004,Tamil Nadu,Kanyakumari,27.2,68.8,93.3,0.64,0.71,195
2005,Tamil Nadu,Kanyakumari,33.8,66.7,187.0,0.6,0.65,60
2006,Tamil Nadu,Kanyakumari,27.5,71.4,140.5,0.57,0.57,105
2007,Tamil Nadu,Kanyakumari,26.4,60.8,100.3,0.5,0.72,197
2008,Tamil Nadu,Kanyakumari,29.4,60.1,191.9,0.62,0.59,115
2009,Tamil Nadu,Kanyakumari,35.9,76.9,125.5,0.37,0.64,89
2010,Tamil Nadu,Kanyakumari,30.5,75.9,153.1,0.49,0.67,128
2011,Tamil Nadu,Kanyakumari,33.2,78.1,98.7,0.44,0.69,175
2012,Tamil Nadu,Kanyakumari,28.4,60.8,106.6,0.62,0.69,50
2013,Tamil Nadu,Kanyakumari,31.7,83.4,113.7,0.31,0.78,154
2014,Tamil Nadu,Kanyakumari,34.7,62.5,196.2,0.54,0.61,66
2015,Tamil Nadu,Kanyakumari,35.2,67.5,195.4,0.34,0.72,191
2016,Tamil Nadu,Kanyakumari,30.4,73.4,146.2,0.57,0.71,27
2017,Tamil Nadu,Kanyakumari,27.9,68.1,86.2,0.68,0.62,192
2018,Tamil Nadu,Kanyakumari,31.5,68.0,110.5,0.61,0.78,42
2019,Tamil Nadu,Kanyakumari,32.6,69.0,113.3,0.56,0.7,93
2020,Tamil Nadu,Kanyakumari,30.5,83.8,162.1,0.44,0.58,162
2021,Tamil Nadu,Kanyakumari,29.4,83.1,186.4,0.38,0.71,66
2022,Tamil Nadu,Kanyakumari,29.5,78.7,101.8,0.64,0.77,177
2023,Tamil Nadu,Kanyakumari,29.6,81.5,181.5,0.59,0.59,180
2024,Tamil Nadu,Kanyakumari,33.7,67.0,145.0,0.55,0.69,122
2025,Tamil Nadu,Kanyakumari,33.2,66.6,195.0,0.55,0.79,102
2000,Tamil Nadu,Karur,33.7,61.8,127.6,0.46,0.48,185
2001,Tamil Nadu,Karur,30.7,71.1,130.3,0.62,0.48,155
2002,Tamil Nadu,Karur,27.6,67.8,198.3,0.57,0.68,60
2003,Tamil Nadu,Karur,31.5,71.2,119.9,0.67,0.57,117
2004,Tamil Nadu,Karur,32.1,69.4,95.7,0.53,0.69,65
2005,Tamil Nadu,Karur,30.3,65.1,192.7,0.68,0.72,141
2006,Tamil Nadu,Karur,35.9,61.5,132.2,0.41,0.44,128
2007,Tamil Nadu,Karur,35.8,79.3,179.4,0.41,0.67,95
2008,Tamil Nadu,Karur,34.6,80.4,133.2,0.55,0.4,104
2009,Tamil Nadu,Karur,33.5,84.1,109.0,0.68,0.66,198
2010,Tamil Nadu,Karur,29.8,81.9,170.3,0.56,0.7,116
2011,Tamil Nadu,Karur,32.1,61.3,172.6,0.49,0.64,104
2012,Tamil Nadu,Karur,29.4,62.8,131.5,0.69,0.41,51
2013,Tamil Nadu,Karur,27.1,75.5,105.9,0.55,0.74,174
2014,Tamil Nadu,Karur,35.7,70.2,101.5,0.48,0.68,153
2015,Tamil Nadu,Karur,30.3,76.4,180.9,0.34,0.7,199
2016,Tamil Nadu,Karur,27.3,77.8,179.1,0.5,0.46,74
2017,Tamil Nadu,Karur,28.9,68.9,171.7,0.39,0.6,25
2018,Tamil Nadu,Karur,35.1,74.2,94.2,0.34,0.59,196
2019,Tamil Nadu,Karur,26.7,62.9,117.6,0.47,0.68,155
2020,Tamil Nadu,Karur,26.8,66.6,84.8,0.48,0.69,134
2021,Tamil Nadu,Karur,26.4,62.3,190.2,0.61,0.67,87
2022,Tamil Nadu,Karur,29.1,63.0,144.5,0.62,0.79,38
2023,Tamil Nadu,Karur,26.6,74.7,95.4,0.44,0.56,21
2024,Tamil Nadu,Karur,27.7,66.1,176.0,0.52,0.45,65
2025,Tamil Nadu,Karur,27.9,75.2,189.4,0.55,0.77,163
2000,Tamil Nadu,Krishnagiri,30.7,62.9,115.1,0.56,0.43,61
2001,Tamil Nadu,Krishnagiri,35.2,78.2,113.6,0.58,0.67,180
2002,Tamil Nadu,Krishnagiri,33.6,81.9,172.2,0.3,0.65,35
2003,Tamil Nadu,Krishnagiri,31.7,81.1,198.1,0.46,0.71,132
2004,Tamil Nadu,Krishnagiri,28.7,74.5,92.1,0.46,0.64,31
2005,Tamil Nadu,Krishnagiri,26.2,82.5,141.7,0.55,0.6,119
2006,Tamil Nadu,Krishnagiri,26.9,80.9,174.0,0.57,0.41,86
2007,Tamil Nadu,Krishnagiri,34.4,62.7,176.2,0.49,0.7,73
2008,Tamil Nadu,Krishnagiri,30.3,72.1,166.5,0.64,0.54,101
2009,Tamil Nadu,Krishnagiri,30.8,75.6,95.0,0.36,0.64,114
2010,Tamil Nadu,Krishnagiri,33.6,69.2,103.8,0.6,0.49,20
2011,Tamil Nadu,Krishnagiri,26.7,72.7,126.7,0.59,0.52,197
2012,Tamil Nadu,Krishnagiri,33.6,66.7,180.3,0.39,0.45,154
2013,Tamil Nadu,Krishnagiri,31.8,80.5,131.0,0.57,0.44,144
2014,Tamil Nadu,Krishnagiri,32.6,80.9,130.0,0.56,0.6,32
2015,Tamil Nadu,Krishnagiri,30.8,80.4,157.6,0.6,0.54,186
2016,Tamil Nadu,Krishnagiri,31.2,69.7,193.4,0.62,0.66,112
2017,Tamil Nadu,Krishnagiri,32.6,68.2,189.9,0.32,0.64,82
2018,Tamil Nadu,Krishnagiri,28.7,60.6,145.8,0.61,0.68,164
2019,Tamil Nadu,Krishnagiri,34.3,73.2,186.0,0.32,0.76,105
2020,Tamil Nadu,Krishnagiri,33.8,82.2,154.3,0.38,0.63,89
2021,Tamil Nadu,Krishnagiri,27.9,84.5,178.6,0.42,0.53,116
2022,Tamil Nadu,Krishnagiri,31.2,71.1,110.5,0.43,0.46,76
2023,Tamil Nadu,Krishnagiri,31.7,72.2,143.3,0.54,0.67,110
2024,Tamil Nadu,Krishnagiri,28.2,74.7,190.9,0.55,0.73,37
2025,Tamil Nadu,Krishnagiri,33.3,76.7,99.6,0.38,0.5,27
2000,Tamil Nadu,Madurai,35.5,71.0,183.5,0.56,0.67,30
2001,Tamil Nadu,Madurai,31.3,62.4,162.4,0.4,0.6,192
2002,Tamil Nadu,Madurai,26.4,82.5,197.8,0.42,0.43,47
2003,Tamil Nadu,Madurai,32.9,80.5,150.9,0.65,0.56,62
2004,Tamil Nadu,Madurai,33.0,72.6,151.2,0.45,0.48,84
2005,Tamil Nadu,Madurai,27.1,65.4,156.4,0.37,0.61,92
2006,Tamil Nadu,Madurai,32.1,67.6,172.2,0.53,0.68,50
2007,Tamil Nadu,Madurai,32.0,66.3,120.8,0.44,0.56,119
2008,Tamil Nadu,Madurai,27.1,74.1,192.8,0.41,0.72,110
2009,Tamil Nadu,Madurai,32.5,84.1,138.3,0.41,0.61,120
2010,Tamil Nadu,Madurai,31.5,83.2,103.0,0.66,0.52,131
2011,Tamil Nadu,Madurai,34.1,81.9,171.7,0.32,0.58,113
2012,Tamil Nadu,Madurai,32.7,75.0,94.9,0.36,0.62,113
2013,Tamil Nadu,Madurai,30.2,77.5,132.6,0.62,0.64,133
2014,Tamil Nadu,Madurai,32.3,62.3,135.8,0.5,0.71,189
2015,Tamil Nadu,Madurai,33.6,80.7,151.0,0.47,0.67,140
2016,Tamil Nadu,Madurai,34.6,71.7,132.8,0.34,0.67,114
2017,Tamil Nadu,Madurai,27.9,60.8,121.0,0.44,0.57,101
2018,Tamil Nadu,Madurai,32.6,83.3,158.4,0.44,0.51,86
2019,Tamil Nadu,Madurai,29.7,66.1,176.2,0.53,0.46,85
2020,Tamil Nadu,Madurai,26.7,78.3,192.8,0.53,0.51,184
2021,Tamil Nadu,Madurai,34.1,65.9,194.2,0.42,0.61,106
2022,Tamil Nadu,Madurai,35.3,81.6,98.0,0.65,0.41,139
2023,Tamil Nadu,Madurai,27.0,68.6,105.6,0.67,0.54,160
2024,Tamil Nadu,Madurai,33.9,67.5,141.8,0.51,0.43,111
2025,Tamil Nadu,Madurai,26.0,83.1,107.7,0.32,0.59,102
2000,Tamil Nadu,Nagapattinam,26.5,73.8,126.8,0.4,0.77,78
2001,Tamil Nadu,Nagapattinam,34.5,61.3,138.4,0.4,0.49,164
2002,Tamil Nadu,Nagapattinam,35.9,81.7,145.2,0.63,0.55,73
2003,Tamil Nadu,Nagapattinam,31.9,67.7,92.9,0.3,0.69,60
2004,Tamil Nadu,Nagapattinam,28.6,80.3,186.0,0.39,0.52,63
2005,Tamil Nadu,Nagapattinam,34.2,65.8,117.7,0.49,0.67,21
2006,Tamil Nadu,Nagapattinam,34.2,66.2,176.5,0.33,0.64,114
2007,Tamil Nadu,Nagapattinam,28.5,61.9,132.0,0.3,0.63,60
2008,Tamil Nadu,Nagapattinam,35.4,83.9,164.3,0.48,0.4,116
2009,Tamil Nadu,Nagapattinam,30.5,67.3,121.3,0.47,0.61,98
2010,Tamil Nadu,Nagapattinam,26.8,71.1,89.0,0.35,0.43,196
2011,Tamil Nadu,Nagapattinam,29.9,71.0,122.5,0.33,0.62,48
2012,Tamil Nadu,Nagapattinam,34.5,78.2,172.1,0.5,0.66,67
2013,Tamil Nadu,Nagapattinam,33.9,67.8,132.7,0.69,0.43,157
2014,Tamil Nadu,Nagapattinam,35.1,60.6,160.4,0.31,0.49,97
2015,Tamil Nadu,Nagapattinam,32.5,71.5,128.8,0.56,0.65,92
2016,Tamil Nadu,Nagapattinam,28.5,81.9,98.5,0.52,0.58,102
2017,Tamil Nadu,Nagapattinam,26.8,65.2,139.6,0.64,0.66,83
2018,Tamil Nadu,Nagapattinam,29.4,62.1,161.4,0.51,0.56,101
2019,Tamil Nadu,Nagapattinam,35.7,75.1,90.5,0.62,0.66,95
2020,Tamil Nadu,Nagapattinam,26.4,76.8,141.6,0.49,0.69,96
2021,Tamil Nadu,Nagapattinam,35.5,72.3,162.7,0.64,0.65,75
2022,Tamil Nadu,Nagapattinam,27.6,68.2,104.8,0.47,0.76,39
2023,Tamil Nadu,Nagapattinam,29.1,73.8,141.5,0.57,0.58,112
2024,Tamil Nadu,Nagapattinam,31.2,82.3,199.5,0.34,0.54,51
2025,Tamil Nadu,Nagapattinam,27.1,64.7,101.5,0.36,0.61,52
2000,Tamil Nadu,Namakkal,35.2,61.2,100.7,0.59,0.6,43
2001,Tamil Nadu,Namakkal,31.4,82.1,191.5,0.33,0.46,177
2002,Tamil Nadu,Namakkal,34.8,63.3,118.7,0.36,0.51,179
2003,Tamil Nadu,Namakkal,30.4,76.1,168.6,0.46,0.48,55
2004,Tamil Nadu,Namakkal,30.0,75.2,109.9,0.66,0.49,82
2005,Tamil Nadu,Namakkal,26.2,76.2,197.0,0.62,0.64,114
2006,Tamil Nadu,Namakkal,32.6,70.6,190.5,0.7,0.56,33
2007,Tamil Nadu,Namakkal,32.5,82.3,90.1,0.69,0.77,197
2008,Tamil Nadu,Namakkal,35.6,69.7,94.0,0.58,0.45,93
2009,Tamil Nadu,Namakkal,26.1,69.5,136.9,0.64,0.76,189
2010,Tamil Nadu,Namakkal,26.6,75.1,133.9,0.35,0.76,113
2011,Tamil Nadu,Namakkal,31.9,66.1,107.3,0.38,0.7,148
2012,Tamil Nadu,Namakkal,31.2,65.8,105.5,0.63,0.7,164
2013,Tamil Nadu,Namakkal,29.4,73.3,124.4,0.44,0.54,125
2014,Tamil Nadu,Namakkal,26.0,63.3,151.1,0.33,0.55,125
2015,Tamil Nadu,Namakkal,28.4,73.6,171.3,0.31,0.44,123
2016,Tamil Nadu,Namakkal,26.2,75.9,193.8,0.52,0.59,133
2017,Tamil Nadu,Namakkal,28.9,60.5,157.8,0.37,0.45,159
2018,Tamil Nadu,Namakkal,31.1,61.5,160.2,0.6,0.53,42
2019,Tamil Nadu,Namakkal,29.9,81.8,102.7,0.51,0.49,145
2020,Tamil Nadu,Namakkal,32.9,67.4,89.1,0.64,0.77,51
2021,Tamil Nadu,Namakkal,32.5,65.8,93.4,0.65,0.68,195
2022,Tamil Nadu,Namakkal,29.5,65.4,118.3,0.59,0.48,90
2023,Tamil Nadu,Namakkal,27.7,66.6,125.3,0.67,0.7,58
2024,Tamil Nadu,Namakkal,28.8,62.8,152.6,0.31,0.54,48
2025,Tamil Nadu,Namakkal,35.6,78.9,167.0,0.69,0.56,107
2000,Tamil Nadu,Nilgiris,34.4,63.8,81.3,0.64,0.52,87
2001,Tamil Nadu,Nilgiris,33.0,68.6,144.8,0.43,0.58,114
2002,Tamil Nadu,Nilgiris,28.5,73.3,197.1,0.59,0.55,156
2003,Tamil Nadu,Nilgiris,33.3,69.9,143.0,0.31,0.46,29
2004,Tamil Nadu,Nilgiris,32.1,81.7,176.1,0.34,0.43,41
2005,Tamil Nadu,Nilgiris,32.7,73.0,155.3,0.58,0.62,21
2006,Tamil Nadu,Nilgiris,32.2,81.2,149.8,0.53,0.77,162
2007,Tamil Nadu,Nilgiris,27.5,73.9,191.3,0.36,0.79,41
2008,Tamil Nadu,Nilgiris,29.3,82.8,161.5,0.69,0.56,84
2009,Tamil Nadu,Nilgiris,28.8,80.5,116.2,0.59,0.79,56
2010,Tamil Nadu,Nilgiris,34.4,82.5,103.5,0.34,0.73,117
2011,Tamil Nadu,Nilgiris,32.3,67.4,130.6,0.37,0.4,135
2012,Tamil Nadu,Nilgiris,28.4,73.3,142.6,0.49,0.73,22
2013,Tamil Nadu,Nilgiris,33.7,84.6,156.5,0.54,0.79,41
2014,Tamil Nadu,Nilgiris,29.2,78.7,111.4,0.57,0.5,39
2015,Tamil Nadu,Nilgiris,32.8,65.4,93.6,0.57,0.46,97
2016,Tamil Nadu,Nilgiris,29.5,64.6,119.6,0.69,0.64,110
2017,Tamil Nadu,Nilgiris,30.8,71.1,166.1,0.68,0.59,96
2018,Tamil Nadu,Nilgiris,29.9,81.8,97.6,0.57,0.76,73
2019,Tamil Nadu,Nilgiris,29.2,60.1,192.3,0.31,0.68,198
2020,Tamil Nadu,Nilgiris,29.2,82.2,112.0,0.66,0.71,100
2021,Tamil Nadu,Nilgiris,27.9,70.0,146.6,0.31,0.49,104
2022,Tamil Nadu,Nilgiris,34.8,78.2,127.0,0.32,0.56,157
2023,Tamil Nadu,Nilgiris,32.0,63.3,184.3,0.49,0.79,130
2024,Tamil Nadu,Nilgiris,30.0,60.3,106.6,0.5,0.44,136
2025,Tamil Nadu,Nilgiris,29.3,80.2,166.4,0.37,0.42,167
2000,Tamil Nadu,Perambalur,26.5,80.8,81.5,0.32,0.66,158
2001,Tamil Nadu,Perambalur,30.7,83.9,169.7,0.31,0.42,118
2002,Tamil Nadu,Perambalur,33.5,84.9,105.4,0.54,0.41,104
2003,Tamil Nadu,Perambalur,26.9,75.5,119.7,0.42,0.73,91
2004,Tamil Nadu,Perambalur,31.3,60.3,86.8,0.61,0.65,132
2005,Tamil Nadu,Perambalur,35.2,79.3,183.2,0.36,0.64,189
2006,Tamil Nadu,Perambalur,34.6,83.1,109.9,0.68,0.62,33
2007,Tamil Nadu,Perambalur,27.0,65.5,88.8,0.41,0.46,58
2008,Tamil Nadu,Perambalur,35.9,81.5,156.6,0.59,0.47,196
2009,Tamil Nadu,Perambalur,33.7,75.5,196.5,0.54,0.59,97
2010,Tamil Nadu,Perambalur,27.2,80.0,170.5,0.46,0.41,145
2011,Tamil Nadu,Perambalur,30.2,80.4,182.9,0.42,0.79,41
2012,Tamil Nadu,Perambalur,28.3,72.0,180.0,0.32,0.58,193
2013,Tamil Nadu,Perambalur,35.4,67.3,130.8,0.43,0.6,126
2014,Tamil Nadu,Perambalur,34.4,66.7,99.8,0.31,0.69,174
2015,Tamil Nadu,Perambalur,27.7,65.1,169.9,0.47,0.55,82
2016,Tamil Nadu,Perambalur,28.9,83.4,140.1,0.43,0.43,67
2017,Tamil Nadu,Perambalur,28.5,83.3,83.5,0.3,0.73,34
2018,Tamil Nadu,Perambalur,26.4,72.2,130.7,0.59,0.43,135
2019,Tamil Nadu,Perambalur,35.4,79.7,126.5,0.5,0.58,109
2020,Tamil Nadu,Perambalur,32.7,82.9,118.1,0.38,0.68,52
2021,Tamil Nadu,Perambalur,34.2,66.9,194.0,0.37,0.54,182
2022,Tamil Nadu,Perambalur,26.3,83.0,113.5,0.45,0.53,96
2023,Tamil Nadu,Perambalur,31.3,79.3,95.3,0.58,0.66,105
2024,Tamil Nadu,Perambalur,29.1,78.1,160.2,0.63,0.76,144
2025,Tamil Nadu,Perambalur,28.3,81.7,112.0,0.43,0.74,32
2000,Tamil Nadu,Pudukkottai,30.2,83.4,85.1,0.42,0.5,139
2001,Tamil Nadu,Pudukkottai,32.5,75.0,117.6,0.61,0.56,97
2002,Tamil Nadu,Pudukkottai,26.6,66.6,139.1,0.37,0.42,153
2003,Tamil Nadu,Pudukkottai,32.3,81.5,182.8,0.48,0.52,165
2004,Tamil Nadu,Pudukkottai,31.5,65.0,89.0,0.47,0.55,83
2005,Tamil Nadu,Pudukkottai,31.3,70.9,102.2,0.32,0.48,93
2006,Tamil Nadu,Pudukkottai,26.8,82.1,158.6,0.35,0.64,38
2007,Tamil Nadu,Pudukkottai,32.0,70.7,110.0,0.4,0.67,26
2008,Tamil Nadu,Pudukkottai,29.9,82.3,186.9,0.7,0.62,198
2009,Tamil Nadu,Pudukkottai,34.3,79.8,147.4,0.43,0.63,165
2010,Tamil Nadu,Pudukkottai,28.5,80.2,184.5,0.66,0.7,119
2011,Tamil Nadu,Pudukkottai,26.2,61.9,173.3,0.65,0.42,69
2012,Tamil Nadu,Pudukkottai,31.8,70.6,157.9,0.48,0.61,129
2013,Tamil Nadu,Pudukkottai,26.9,67.9,80.4,0.68,0.74,55
2014,Tamil Nadu,Pudukkottai,26.2,78.6,191.5,0.57,0.48,131
2015,Tamil Nadu,Pudukkottai,35.3,75.1,142.6,0.35,0.66,158
2016,Tamil Nadu,Pudukkottai,28.7,61.5,92.1,0.45,0.73,54
2017,Tamil Nadu,Pudukkottai,27.7,79.2,82.2,0.53,0.79,168
2018,Tamil Nadu,Pudukkottai,33.2,76.3,194.7,0.58,0.61,51
2019,Tamil Nadu,Pudukkottai,33.8,81.4,191.8,0.37,0.4,149
2020,Tamil Nadu,Pudukkottai,30.5,63.8,84.2,0.59,0.49,132
2021,Tamil Nadu,Pudukkottai,28.9,60.4,116.8,0.66,0.44,156
2022,Tamil Nadu,Pudukkottai,33.9,66.1,110.8,0.36,0.41,157
2023,Tamil Nadu,Pudukkottai,33.6,65.0,131.7,0.51,0.44,145
2024,Tamil Nadu,Pudukkottai,28.7,66.5,100.1,0.48,0.57,139
2025,Tamil Nadu,Pudukkottai,29.0,65.7,135.7,0.48,0.45,136
2000,Tamil Nadu,Ramanathapuram,33.4,81.4,152.8,0.44,0.48,31
2001,Tamil Nadu,Ramanathapuram,26.4,72.7,154.6,0.5,0.75,41
2002,Tamil Nadu,Ramanathapuram,31.6,63.4,144.8,0.62,0.47,131
2003,Tamil Nadu,Ramanathapuram,35.7,66.5,96.3,0.6,0.54,34
2004,Tamil Nadu,Ramanathapuram,26.2,72.8,161.1,0.41,0.71,117
2005,Tamil Nadu,Ramanathapuram,27.9,71.9,197.6,0.33,0.58,31
2006,Tamil Nadu,Ramanathapuram,27.0,72.3,142.4,0.39,0.79,38
2007,Tamil Nadu,Ramanathapuram,27.5,61.8,108.0,0.48,0.8,142
2008,Tamil Nadu,Ramanathapuram,31.5,66.6,194.1,0.63,0.62,197
2009,Tamil Nadu,Ramanathapuram,33.1,77.0,152.8,0.65,0.49,37
2010,Tamil Nadu,Ramanathapuram,33.5,72.9,141.8,0.65,0.43,78
2011,Tamil Nadu,Ramanathapuram,27.3,64.8,111.8,0.35,0.5,75
2012,Tamil Nadu,Ramanathapuram,27.7,75.8,138.1,0.43,0.69,29
2013,Tamil Nadu,Ramanathapuram,26.7,64.2,197.6,0.57,0.58,47
2014,Tamil Nadu,Ramanathapuram,31.8,61.2,197.5,0.36,0.4,36
2015,Tamil Nadu,Ramanathapuram,34.9,71.9,173.8,0.53,0.71,140
2016,Tamil Nadu,Ramanathapuram,27.7,83.8,127.6,0.31,0.52,102
2017,Tamil Nadu,Ramanathapuram,29.9,69.1,86.6,0.64,0.62,159
2018,Tamil Nadu,Ramanathapuram,31.4,71.7,162.2,0.49,0.45,29
2019,Tamil Nadu,Ramanathapuram,27.4,62.5,102.0,0.54,0.54,147
2020,Tamil Nadu,Ramanathapuram,30.4,64.9,192.8,0.5,0.63,90
2021,Tamil Nadu,Ramanathapuram,35.2,80.2,118.1,0.67,0.44,193
2022,Tamil Nadu,Ramanathapuram,26.4,66.1,170.1,0.62,0.6,83
2023,Tamil Nadu,Ramanathapuram,33.2,81.8,99.6,0.5,0.71,188
2024,Tamil Nadu,Ramanathapuram,29.9,81.2,96.2,0.6,0.65,93
2025,Tamil Nadu,Ramanathapuram,26.6,60.8,165.9,0.33,0.68,128
2000,Tamil Nadu,Ranipet,32.4,68.5,90.5,0.48,0.45,123
2001,Tamil Nadu,Ranipet,33.4,70.6,118.0,0.31,0.74,66
2002,Tamil Nadu,Ranipet,34.3,74.8,103.0,0.53,0.44,123
2003,Tamil Nadu,Ranipet,28.3,82.3,91.2,0.31,0.76,113
2004,Tamil Nadu,Ranipet,29.7,72.8,172.2,0.35,0.48,23
2005,Tamil Nadu,Ranipet,29.2,67.9,85.3,0.37,0.43,119
2006,Tamil Nadu,Ranipet,32.3,83.5,190.3,0.6,0.7,41
2007,Tamil Nadu,Ranipet,28.4,83.9,173.8,0.69,0.51,192
2008,Tamil Nadu,Ranipet,28.5,83.2,130.7,0.47,0.77,87
2009,Tamil Nadu,Ranipet,28.9,80.7,186.8,0.42,0.55,192
2010,Tamil Nadu,Ranipet,28.4,67.9,101.9,0.53,0.41,104
2011,Tamil Nadu,Ranipet,28.4,63.1,189.0,0.65,0.52,38
2012,Tamil Nadu,Ranipet,34.4,82.3,85.4,0.5,0.44,129
2013,Tamil Nadu,Ranipet,27.2,68.9,137.4,0.5,0.53,67
2014,Tamil Nadu,Ranipet,28.8,82.0,132.3,0.3,0.75,149
2015,Tamil Nadu,Ranipet,35.3,74.7,138.9,0.44,0.66,70
2016,Tamil Nadu,Ranipet,34.7,81.3,196.6,0.58,0.66,172
2017,Tamil Nadu,Ranipet,32.4,68.7,126.5,0.32,0.5,90
2018,Tamil Nadu,Ranipet,30.2,69.3,174.5,0.39,0.61,184
2019,Tamil Nadu,Ranipet,35.6,70.2,177.7,0.41,0.53,68
2020,Tamil Nadu,Ranipet,30.8,79.7,147.3,0.37,0.59,112
2021,Tamil Nadu,Ranipet,26.0,74.6,132.2,0.46,0.46,179
2022,Tamil Nadu,Ranipet,28.5,72.6,89.3,0.45,0.51,36
2023,Tamil Nadu,Ranipet,35.6,80.7,184.0,0.35,0.61,66
2024,Tamil Nadu,Ranipet,30.5,84.6,169.2,0.34,0.51,189
2025,Tamil Nadu,Ranipet,29.8,65.9,144.6,0.33,0.46,81
2000,Tamil Nadu,Salem,29.9,67.5,119.3,0.65,0.58,185
2001,Tamil Nadu,Salem,30.3,64.3,168.1,0.57,0.57,128
2002,Tamil Nadu,Salem,33.8,70.8,93.4,0.44,0.79,109
2003,Tamil Nadu,Salem,26.4,68.7,116.1,0.6,0.79,155
2004,Tamil Nadu,Salem,29.3,61.6,139.6,0.59,0.64,59
2005,Tamil Nadu,Salem,31.9,70.9,165.6,0.48,0.5,45
2006,Tamil Nadu,Salem,26.7,83.4,148.9,0.58,0.7,141
2007,Tamil Nadu,Salem,30.0,68.3,85.8,0.32,0.6,28
2008,Tamil Nadu,Salem,34.0,75.1,171.7,0.38,0.6,154
2009,Tamil Nadu,Salem,30.4,74.3,85.3,0.31,0.57,137
2010,Tamil Nadu,Salem,26.5,75.4,150.3,0.38,0.45,132
2011,Tamil Nadu,Salem,30.3,75.2,159.9,0.32,0.56,23
2012,Tamil Nadu,Salem,26.1,71.3,89.7,0.52,0.53,91
2013,Tamil Nadu,Salem,27.9,78.4,126.7,0.4,0.61,183
2014,Tamil Nadu,Salem,34.3,66.4,108.9,0.36,0.56,21
2015,Tamil Nadu,Salem,32.3,71.7,190.8,0.43,0.58,83
2016,Tamil Nadu,Salem,33.7,70.2,158.6,0.38,0.79,60
2017,Tamil Nadu,Salem,29.1,76.4,87.4,0.58,0.74,115
2018,Tamil Nadu,Salem,35.2,66.2,187.4,0.47,0.72,156
2019,Tamil Nadu,Salem,34.7,71.1,140.8,0.51,0.62,106
2020,Tamil Nadu,Salem,32.1,64.0,109.4,0.48,0.55,146
2021,Tamil Nadu,Salem,31.4,73.9,178.2,0.56,0.47,89
2022,Tamil Nadu,Salem,35.3,78.0,173.1,0.54,0.66,98
2023,Tamil Nadu,Salem,29.3,69.1,138.8,0.47,0.78,41
2024,Tamil Nadu,Salem,26.9,81.0,117.5,0.6,0.7,25
2025,Tamil Nadu,Salem,30.1,82.9,89.7,0.37,0.57,165
2000,Tamil Nadu,Sivagangai,32.9,61.2,196.9,0.36,0.69,151
2001,Tamil Nadu,Sivagangai,33.8,79.6,108.0,0.6,0.6,173
2002,Tamil Nadu,Sivagangai,33.4,77.6,166.4,0.68,0.65,132
2003,Tamil Nadu,Sivagangai,32.5,65.4,183.3,0.52,0.41,68
2004,Tamil Nadu,Sivagangai,31.5,64.8,105.1,0.67,0.62,186
2005,Tamil Nadu,Sivagangai,33.9,67.0,173.4,0.63,0.55,76
2006,Tamil Nadu,Sivagangai,27.5,82.8,123.2,0.46,0.58,192
2007,Tamil Nadu,Sivagangai,35.2,81.3,154.0,0.31,0.57,74
2008,Tamil Nadu,Sivagangai,27.5,76.9,199.4,0.4,0.57,130
2009,Tamil Nadu,Sivagangai,29.6,70.7,84.1,0.38,0.56,131
2010,Tamil Nadu,Sivagangai,34.6,78.7,148.3,0.45,0.63,184
2011,Tamil Nadu,Sivagangai,32.2,66.6,126.8,0.61,0.78,185
2012,Tamil Nadu,Sivagangai,35.5,78.3,168.6,0.69,0.51,161
2013,Tamil Nadu,Sivagangai,27.8,61.8,149.9,0.31,0.56,165
2014,Tamil Nadu,Sivagangai,27.4,66.0,147.5,0.35,0.44,38
2015,Tamil Nadu,Sivagangai,30.9,64.1,87.3,0.65,0.44,58
2016,Tamil Nadu,Sivagangai,27.1,81.8,160.5,0.7,0.54,111
2017,Tamil Nadu,Sivagangai,28.2,71.1,137.4,0.33,0.63,42
2018,Tamil Nadu,Sivagangai,34.4,61.9,118.3,0.63,0.76,20
2019,Tamil Nadu,Sivagangai,36.0,72.8,136.9,0.65,0.48,132
2020,Tamil Nadu,Sivagangai,34.7,73.9,140.7,0.37,0.41,25
2021,Tamil Nadu,Sivagangai,30.2,64.0,166.1,0.63,0.75,74
2022,Tamil Nadu,Sivagangai,34.2,73.3,177.8,0.59,0.49,119
2023,Tamil Nadu,Sivagangai,28.3,79.4,84.8,0.42,0.58,138
2024,Tamil Nadu,Sivagangai,32.7,71.9,84.5,0.61,0.44,196
2025,Tamil Nadu,Sivagangai,27.6,75.3,98.1,0.34,0.53,164
2000,Tamil Nadu,Tenkasi,30.7,60.8,113.5,0.37,0.42,134
2001,Tamil Nadu,Tenkasi,35.5,61.3,92.6,0.62,0.7,59
2002,Tamil Nadu,Tenkasi,31.1,64.1,162.2,0.51,0.72,110
2003,Tamil Nadu,Tenkasi,35.3,73.6,147.3,0.4,0.78,154
2004,Tamil Nadu,Tenkasi,33.9,80.1,188.3,0.57,0.59,142
2005,Tamil Nadu,Tenkasi,31.1,71.8,128.4,0.67,0.73,40
2006,Tamil Nadu,Tenkasi,32.0,77.7,129.9,0.46,0.57,126
2007,Tamil Nadu,Tenkasi,27.6,75.0,114.3,0.68,0.45,32
2008,Tamil Nadu,Tenkasi,30.0,62.0,156.0,0.39,0.42,128
2009,Tamil Nadu,Tenkasi,28.2,66.3,187.9,0.67,0.45,142
2010,Tamil Nadu,Tenkasi,30.8,78.2,171.5,0.69,0.78,129
2011,Tamil Nadu,Tenkasi,26.9,66.3,121.3,0.42,0.47,90
2012,Tamil Nadu,Tenkasi,34.3,66.3,81.5,0.37,0.52,23
2013,Tamil Nadu,Tenkasi,33.0,72.1,142.2,0.41,0.68,68
2014,Tamil Nadu,Tenkasi,32.6,79.7,199.0,0.45,0.66,36
2015,Tamil Nadu,Tenkasi,32.6,64.3,120.7,0.55,0.62,36
2016,Tamil Nadu,Tenkasi,30.8,79.3,127.4,0.35,0.46,185
2017,Tamil Nadu,Tenkasi,31.3,80.5,148.2,0.61,0.77,69
2018,Tamil Nadu,Tenkasi,35.7,79.2,181.3,0.52,0.69,108
2019,Tamil Nadu,Tenkasi,26.4,78.1,165.7,0.48,0.47,100
2020,Tamil Nadu,Tenkasi,27.0,71.2,172.8,0.53,0.57,90
2021,Tamil Nadu,Tenkasi,34.3,78.2,87.0,0.68,0.7,23
2022,Tamil Nadu,Tenkasi,34.2,75.9,156.8,0.58,0.61,145
2023,Tamil Nadu,Tenkasi,33.8,83.8,156.2,0.58,0.44,154
2024,Tamil Nadu,Tenkasi,27.1,75.6,194.2,0.34,0.58,62
2025,Tamil Nadu,Tenkasi,26.5,77.0,101.6,0.31,0.77,70
2000,Tamil Nadu,Thanjavur,32.7,63.1,180.5,0.5,0.48,123
2001,Tamil Nadu,Thanjavur,31.4,61.5,198.4,0.49,0.56,56
2002,Tamil Nadu,Thanjavur,35.1,76.1,148.3,0.69,0.48,70
2003,Tamil Nadu,Thanjavur,34.7,78.8,119.3,0.67,0.48,67
2004,Tamil Nadu,Thanjavur,33.6,69.8,162.3,0.58,0.59,111
2005,Tamil Nadu,Thanjavur,29.8,78.8,85.8,0.42,0.63,131
2006,Tamil Nadu,Thanjavur,34.2,74.4,116.9,0.33,0.5,137
2007,Tamil Nadu,Thanjavur,34.8,69.0,107.1,0.5,0.66,93
2008,Tamil Nadu,Thanjavur,26.2,84.3,198.4,0.36,0.65,124
2009,Tamil Nadu,Thanjavur,35.5,62.2,111.3,0.47,0.55,48
2010,Tamil Nadu,Thanjavur,31.6,62.2,193.1,0.4,0.56,57
2011,Tamil Nadu,Thanjavur,29.8,71.9,132.9,0.59,0.48,198
2012,Tamil Nadu,Thanjavur,35.4,64.2,81.6,0.7,0.61,92
2013,Tamil Nadu,Thanjavur,27.1,64.8,154.4,0.31,0.63,52
2014,Tamil Nadu,Thanjavur,35.2,68.5,175.1,0.33,0.43,113
2015,Tamil Nadu,Thanjavur,32.1,73.1,139.1,0.56,0.68,73
2016,Tamil Nadu,Thanjavur,29.6,75.8,122.8,0.68,0.54,86
2017,Tamil Nadu,Thanjavur,27.8,60.5,158.8,0.62,0.5,144
2018,Tamil Nadu,Thanjavur,31.0,73.1,157.4,0.59,0.51,128
2019,Tamil Nadu,Thanjavur,33.0,83.7,119.5,0.43,0.65,89
2020,Tamil Nadu,Thanjavur,31.7,65.3,159.3,0.59,0.64,78
2021,Tamil Nadu,Thanjavur,27.6,70.9,187.9,0.44,0.72,56
2022,Tamil Nadu,Thanjavur,33.3,75.6,83.6,0.59,0.72,94
2023,Tamil Nadu,Thanjavur,34.0,82.3,141.7,0.32,0.68,27
2024,Tamil Nadu,Thanjavur,31.9,67.4,111.5,0.63,0.54,152
2025,Tamil Nadu,Thanjavur,28.7,83.9,140.7,0.61,0.46,198
2000,Tamil Nadu,Theni,34.5,68.3,157.3,0.63,0.54,105
2001,Tamil Nadu,Theni,26.4,61.0,103.1,0.5,0.78,78
2002,Tamil Nadu,Theni,26.0,62.4,135.4,0.51,0.8,133
2003,Tamil Nadu,Theni,28.3,67.0,96.1,0.49,0.49,58
2004,Tamil Nadu,Theni,33.6,81.1,149.1,0.57,0.45,88
2005,Tamil Nadu,Theni,28.8,60.0,137.5,0.32,0.43,99
2006,Tamil Nadu,Theni,27.9,61.9,94.9,0.62,0.6,124
2007,Tamil Nadu,Theni,29.3,70.8,87.3,0.64,0.54,60
2008,Tamil Nadu,Theni,26.3,66.8,128.9,0.5,0.74,81
2009,Tamil Nadu,Theni,33.4,77.1,93.2,0.34,0.5,162
2010,Tamil Nadu,Theni,29.3,78.1,119.7,0.52,0.75,98
2011,Tamil Nadu,Theni,27.7,83.9,123.1,0.54,0.42,120
2012,Tamil Nadu,Theni,30.1,84.8,157.0,0.68,0.69,166
2013,Tamil Nadu,Theni,28.8,61.2,168.4,0.62,0.58,186
2014,Tamil Nadu,Theni,35.1,83.7,166.2,0.49,0.69,81
2015,Tamil Nadu,Theni,28.3,65.2,117.0,0.34,0.49,54
2016,Tamil Nadu,Theni,26.4,70.8,168.4,0.37,0.79,192
2017,Tamil Nadu,Theni,31.8,73.8,94.1,0.33,0.61,121
2018,Tamil Nadu,Theni,32.4,69.0,180.2,0.59,0.6,46
2019,Tamil Nadu,Theni,28.6,69.8,83.6,0.48,0.49,173
2020,Tamil Nadu,Theni,28.9,83.6,143.6,0.39,0.65,54
2021,Tamil Nadu,Theni,30.3,61.3,158.5,0.33,0.46,181
2022,Tamil Nadu,Theni,26.5,83.8,86.1,0.4,0.54,48
2023,Tamil Nadu,Theni,27.1,66.5,130.4,0.63,0.75,162
2024,Tamil Nadu,Theni,34.1,84.7,94.4,0.36,0.59,161
2025,Tamil Nadu,Theni,29.8,71.1,191.6,0.49,0.68,44
2000,Tamil Nadu,Thoothukudi,35.3,83.7,186.3,0.54,0.65,39
2001,Tamil Nadu,Thoothukudi,35.2,79.7,198.1,0.46,0.48,199
2002,Tamil Nadu,Thoothukudi,35.1,61.4,141.3,0.43,0.71,175
2003,Tamil Nadu,Thoothukudi,31.5,77.0,86.4,0.48,0.59,127
2004,Tamil Nadu,Thoothukudi,29.6,69.0,170.1,0.61,0.55,181
2005,Tamil Nadu,Thoothukudi,33.0,78.9,197.3,0.51,0.58,124
2006,Tamil Nadu,Thoothukudi,34.1,60.7,141.0,0.62,0.68,46
2007,Tamil Nadu,Thoothukudi,32.3,70.9,165.1,0.69,0.77,121
2008,Tamil Nadu,Thoothukudi,32.4,84.4,194.3,0.3,0.57,148
2009,Tamil Nadu,Thoothukudi,31.0,68.8,102.6,0.43,0.74,137
2010,Tamil Nadu,Thoothukudi,30.9,73.0,103.7,0.31,0.52,151
2011,Tamil Nadu,Thoothukudi,26.4,74.7,158.9,0.62,0.76,94
2012,Tamil Nadu,Thoothukudi,34.3,61.5,101.8,0.33,0.67,186
2013,Tamil Nadu,Thoothukudi,34.9,68.5,160.8,0.43,0.42,136
2014,Tamil Nadu,Thoothukudi,35.8,64.8,158.1,0.53,0.74,75
2015,Tamil Nadu,Thoothukudi,34.8,73.3,173.3,0.33,0.55,177
2016,Tamil Nadu,Thoothukudi,27.5,61.0,193.8,0.44,0.42,199
2017,Tamil Nadu,Thoothukudi,29.7,78.1,126.5,0.43,0.65,154
2018,Tamil Nadu,Thoothukudi,29.2,68.3,128.2,0.64,0.51,171
2019,Tamil Nadu,Thoothukudi,33.2,73.2,113.7,0.34,0.78,180
2020,Tamil Nadu,Thoothukudi,35.1,63.7,198.8,0.39,0.41,68
2021,Tamil Nadu,Thoothukudi,27.9,77.5,112.1,0.53,0.48,32
2022,Tamil Nadu,Thoothukudi,34.2,74.0,168.6,0.55,0.46,199
2023,Tamil Nadu,Thoothukudi,26.1,80.0,127.4,0.53,0.59,112
2024,Tamil Nadu,Thoothukudi,35.8,84.2,128.2,0.35,0.43,109
2025,Tamil Nadu,Thoothukudi,29.9,60.2,122.4,0.4,0.65,182
2000,Tamil Nadu,Tiruchirappalli,26.3,69.7,179.4,0.55,0.62,162
2001,Tamil Nadu,Tiruchirappalli,30.3,70.0,114.2,0.43,0.47,117
2002,Tamil Nadu,Tiruchirappalli,29.1,80.4,146.0,0.33,0.49,147
2003,Tamil Nadu,Tiruchirappalli,27.3,77.5,191.5,0.6,0.68,97
2004,Tamil Nadu,Tiruchirappalli,30.8,82.2,188.1,0.43,0.75,101
2005,Tamil Nadu,Tiruchirappalli,28.9,68.5,187.2,0.64,0.79,116
2006,Tamil Nadu,Tiruchirappalli,32.0,71.3,192.3,0.65,0.57,63
2007,Tamil Nadu,Tiruchirappalli,26.6,69.0,197.2,0.63,0.5,91
2008,Tamil Nadu,Tiruchirappalli,29.0,65.4,80.5,0.33,0.7,102
2009,Tamil Nadu,Tiruchirappalli,34.2,79.7,160.7,0.32,0.64,51
2010,Tamil Nadu,Tiruchirappalli,34.0,60.5,163.0,0.58,0.69,139
2011,Tamil Nadu,Tiruchirappalli,33.7,77.5,150.1,0.66,0.52,122
2012,Tamil Nadu,Tiruchirappalli,27.5,72.8,165.8,0.48,0.5,162
2013,Tamil Nadu,Tiruchirappalli,29.7,67.5,142.8,0.59,0.66,26
2014,Tamil Nadu,Tiruchirappalli,30.4,60.9,138.1,0.32,0.49,140
2015,Tamil Nadu,Tiruchirappalli,26.8,61.0,179.3,0.6,0.5,79
2016,Tamil Nadu,Tiruchirappalli,31.9,61.4,131.7,0.55,0.6,81
2017,Tamil Nadu,Tiruchirappalli,34.8,74.0,137.9,0.32,0.72,165
2018,Tamil Nadu,Tiruchirappalli,32.3,71.9,199.9,0.3,0.57,106
2019,Tamil Nadu,Tiruchirappalli,28.7,80.2,118.8,0.51,0.64,172
2020,Tamil Nadu,Tiruchirappalli,31.3,69.1,147.6,0.48,0.61,170
2021,Tamil Nadu,Tiruchirappalli,31.4,73.6,136.2,0.66,0.55,191
2022,Tamil Nadu,Tiruchirappalli,33.8,73.1,139.6,0.35,0.48,104
2023,Tamil Nadu,Tiruchirappalli,29.8,60.8,138.7,0.32,0.6,177
2024,Tamil Nadu,Tiruchirappalli,32.9,76.9,89.7,0.66,0.68,104
2025,Tamil Nadu,Tiruchirappalli,31.0,75.7,118.1,0.46,0.59,120
2000,Tamil Nadu,Tirunelveli,27.0,74.9,161.4,0.63,0.44,193
2001,Tamil Nadu,Tirunelveli,32.9,70.8,103.9,0.53,0.5,155
2002,Tamil Nadu,Tirunelveli,33.7,69.7,164.9,0.4,0.64,175
2003,Tamil Nadu,Tirunelveli,32.1,69.0,116.2,0.66,0.5,174
2004,Tamil Nadu,Tirunelveli,35.3,81.8,190.2,0.49,0.79,193
2005,Tamil Nadu,Tirunelveli,32.7,74.6,122.4,0.58,0.51,118
2006,Tamil Nadu,Tirunelveli,31.5,80.8,165.6,0.36,0.69,50
2007,Tamil Nadu,Tirunelveli,30.6,78.9,103.5,0.68,0.65,157
2008,Tamil Nadu,Tirunelveli,29.2,70.5,169.6,0.59,0.44,198
2009,Tamil Nadu,Tirunelveli,32.6,61.5,123.9,0.31,0.57,62
2010,Tamil Nadu,Tirunelveli,34.5,60.6,187.5,0.51,0.54,73
2011,Tamil Nadu,Tirunelveli,26.2,79.7,127.5,0.67,0.66,193
2012,Tamil Nadu,Tirunelveli,34.3,63.6,119.5,0.52,0.79,21
2013,Tamil Nadu,Tirunelveli,30.0,83.8,139.7,0.38,0.65,121
2014,Tamil Nadu,Tirunelveli,32.2,68.4,128.2,0.54,0.44,172
2015,Tamil Nadu,Tirunelveli,29.7,78.0,192.6,0.67,0.6,167
2016,Tamil Nadu,Tirunelveli,34.0,73.4,158.2,0.51,0.44,165
2017,Tamil Nadu,Tirunelveli,26.9,81.0,159.1,0.58,0.57,55
2018,Tamil Nadu,Tirunelveli,34.4,76.8,187.1,0.46,0.72,49
2019,Tamil Nadu,Tirunelveli,30.0,77.0,174.3,0.47,0.7,23
2020,Tamil Nadu,Tirunelveli,28.7,64.4,161.7,0.69,0.55,75
2021,Tamil Nadu,Tirunelveli,32.8,64.3,113.9,0.59,0.66,76
2022,Tamil Nadu,Tirunelveli,28.4,71.1,128.9,0.46,0.51,42
2023,Tamil Nadu,Tirunelveli,31.5,65.1,130.8,0.32,0.55,165
2024,Tamil Nadu,Tirunelveli,30.0,75.6,152.4,0.44,0.75,54
2025,Tamil Nadu,Tirunelveli,35.2,81.6,198.7,0.4,0.79,81
2000,Tamil Nadu,Tirupathur,32.3,70.7,154.7,0.69,0.52,167
2001,Tamil Nadu,Tirupathur,30.9,60.6,91.5,0.44,0.64,23
2002,Tamil Nadu,Tirupathur,35.9,69.2,130.8,0.51,0.72,177
2003,Tamil Nadu,Tirupathur,35.1,82.3,87.8,0.62,0.42,149
2004,Tamil Nadu,Tirupathur,29.7,78.3,157.6,0.45,0.61,27
2005,Tamil Nadu,Tirupathur,34.1,70.7,155.1,0.68,0.69,97
2006,Tamil Nadu,Tirupathur,27.5,81.9,105.0,0.53,0.4,96
2007,Tamil Nadu,Tirupathur,27.0,71.3,176.6,0.4,0.78,53
2008,Tamil Nadu,Tirupathur,27.4,60.6,182.1,0.59,0.65,189
2009,Tamil Nadu,Tirupathur,33.6,62.2,159.5,0.68,0.53,45
2010,Tamil Nadu,Tirupathur,28.8,73.1,189.1,0.54,0.42,132
2011,Tamil Nadu,Tirupathur,26.5,77.9,183.9,0.41,0.75,170
2012,Tamil Nadu,Tirupathur,29.8,81.4,140.9,0.65,0.75,185
2013,Tamil Nadu,Tirupathur,35.4,68.1,120.6,0.48,0.73,167
2014,Tamil Nadu,Tirupathur,34.2,60.4,151.9,0.58,0.63,136
2015,Tamil Nadu,Tirupathur,35.8,70.7,192.8,0.48,0.75,25
2016,Tamil Nadu,Tirupathur,32.8,78.9,197.4,0.58,0.63,84
2017,Tamil Nadu,Tirupathur,32.2,62.9,93.4,0.47,0.79,36
2018,Tamil Nadu,Tirupathur,29.8,72.0,114.0,0.43,0.68,29
2019,Tamil Nadu,Tirupathur,28.4,69.9,85.6,0.5,0.59,118
2020,Tamil Nadu,Tirupathur,26.1,83.9,192.2,0.68,0.68,97
2021,Tamil Nadu,Tirupathur,32.0,73.9,169.8,0.42,0.43,21
2022,Tamil Nadu,Tirupathur,27.8,83.4,93.0,0.54,0.66,198
2023,Tamil Nadu,Tirupathur,26.8,61.3,114.4,0.59,0.51,147
2024,Tamil Nadu,Tirupathur,33.8,83.2,83.9,0.51,0.75,127
2025,Tamil Nadu,Tirupathur,30.0,82.6,93.7,0.46,0.51,194
2000,Tamil Nadu,Tiruppur,31.3,79.5,112.5,0.39,0.75,36
2001,Tamil Nadu,Tiruppur,33.4,84.7,88.7,0.61,0.54,131
2002,Tamil Nadu,Tiruppur,29.8,72.0,186.9,0.58,0.51,56
2003,Tamil Nadu,Tiruppur,29.4,79.2,162.0,0.66,0.73,196
2004,Tamil Nadu,Tiruppur,27.4,76.3,142.8,0.31,0.6,147
2005,Tamil Nadu,Tiruppur,35.1,78.0,190.2,0.37,0.5,96
2006,Tamil Nadu,Tiruppur,35.2,78.7,171.9,0.47,0.67,104
2007,Tamil Nadu,Tiruppur,29.0,81.2,159.6,0.68,0.59,149
2008,Tamil Nadu,Tiruppur,28.8,68.5,122.4,0.56,0.54,118
2009,Tamil Nadu,Tiruppur,30.3,79.6,159.7,0.49,0.7,154
2010,Tamil Nadu,Tiruppur,32.5,76.7,192.6,0.67,0.77,31
2011,Tamil Nadu,Tiruppur,26.2,75.3,173.4,0.43,0.6,59
2012,Tamil Nadu,Tiruppur,30.4,64.2,106.1,0.65,0.61,155
2013,Tamil Nadu,Tiruppur,29.2,62.4,147.3,0.56,0.69,144
2014,Tamil Nadu,Tiruppur,28.2,64.5,119.1,0.68,0.75,97
2015,Tamil Nadu,Tiruppur,27.4,83.1,196.7,0.4,0.57,112
2016,Tamil Nadu,Tiruppur,27.7,60.3,86.9,0.57,0.42,181
2017,Tamil Nadu,Tiruppur,28.6,77.3,191.1,0.33,0.63,187
2018,Tamil Nadu,Tiruppur,31.1,64.8,146.3,0.35,0.56,137
2019,Tamil Nadu,Tiruppur,30.3,64.8,168.8,0.63,0.53,143
2020,Tamil Nadu,Tiruppur,30.8,64.1,172.8,0.69,0.74,48
2021,Tamil Nadu,Tiruppur,28.4,60.2,88.9,0.41,0.58,162
2022,Tamil Nadu,Tiruppur,26.4,69.1,133.7,0.65,0.54,103
2023,Tamil Nadu,Tiruppur,35.0,81.2,145.9,0.49,0.43,58
2024,Tamil Nadu,Tiruppur,33.0,75.7,105.1,0.6,0.62,182
2025,Tamil Nadu,Tiruppur,31.5,77.6,94.1,0.64,0.61,85
2000,Tamil Nadu,Tiruvallur,33.4,81.0,167.8,0.38,0.48,151
2001,Tamil Nadu,Tiruvallur,28.5,80.9,123.3,0.46,0.43,167
2002,Tamil Nadu,Tiruvallur,31.3,75.4,184.4,0.65,0.52,76
2003,Tamil Nadu,Tiruvallur,29.5,74.9,161.8,0.56,0.48,107
2004,Tamil Nadu,Tiruvallur,35.9,83.1,94.6,0.68,0.54,157
2005,Tamil Nadu,Tiruvallur,28.3,80.3,197.2,0.51,0.55,35
2006,Tamil Nadu,Tiruvallur,35.3,73.4,170.6,0.39,0.53,43
2007,Tamil Nadu,Tiruvallur,32.1,65.2,118.6,0.68,0.66,145
2008,Tamil Nadu,Tiruvallur,32.1,60.2,120.1,0.55,0.67,197
2009,Tamil Nadu,Tiruvallur,27.1,72.7,105.0,0.63,0.55,40
2010,Tamil Nadu,Tiruvallur,33.2,64.5,195.7,0.62,0.6,36
2011,Tamil Nadu,Tiruvallur,28.3,66.7,159.1,0.4,0.5,128
2012,Tamil Nadu,Tiruvallur,29.6,71.9,188.8,0.41,0.4,96
2013,Tamil Nadu,Tiruvallur,33.8,75.4,92.6,0.44,0.71,26
2014,Tamil Nadu,Tiruvallur,31.7,82.6,80.4,0.63,0.54,157
2015,Tamil Nadu,Tiruvallur,28.2,77.3,184.6,0.57,0.49,97
2016,Tamil Nadu,Tiruvallur,34.0,64.4,98.6,0.64,0.78,123
2017,Tamil Nadu,Tiruvallur,35.4,67.9,136.8,0.41,0.53,174
2018,Tamil Nadu,Tiruvallur,28.8,79.3,164.8,0.61,0.56,175
2019,Tamil Nadu,Tiruvallur,27.6,72.5,105.3,0.59,0.41,173
2020,Tamil Nadu,Tiruvallur,27.7,66.8,195.2,0.4,0.47,81
2021,Tamil Nadu,Tiruvallur,32.1,66.3,115.8,0.48,0.75,141
2022,Tamil Nadu,Tiruvallur,29.2,75.3,174.2,0.61,0.46,107
2023,Tamil Nadu,Tiruvallur,32.1,66.7,149.8,0.58,0.5,44
2024,Tamil Nadu,Tiruvallur,29.0,82.8,95.3,0.4,0.53,112
2025,Tamil Nadu,Tiruvallur,29.0,78.9,106.8,0.62,0.8,161
2000,Tamil Nadu,Tiruvannamalai,29.6,73.8,127.0,0.42,0.59,61
2001,Tamil Nadu,Tiruvannamalai,32.5,67.9,140.9,0.68,0.43,78
2002,Tamil Nadu,Tiruvannamalai,32.0,79.7,111.8,0.62,0.58,56
2003,Tamil Nadu,Tiruvannamalai,36.0,67.8,142.8,0.44,0.77,102
2004,Tamil Nadu,Tiruvannamalai,28.2,68.1,84.8,0.37,0.62,114
2005,Tamil Nadu,Tiruvannamalai,30.1,74.1,177.9,0.5,0.68,53
2006,Tamil Nadu,Tiruvannamalai,29.4,60.1,190.2,0.45,0.53,132
2007,Tamil Nadu,Tiruvannamalai,29.1,72.6,172.9,0.7,0.61,104
2008,Tamil Nadu,Tiruvannamalai,35.8,80.2,95.7,0.66,0.41,59
2009,Tamil Nadu,Tiruvannamalai,31.9,62.4,183.0,0.33,0.65,35
2010,Tamil Nadu,Tiruvannamalai,32.2,64.1,132.2,0.7,0.76,186
2011,Tamil Nadu,Tiruvannamalai,26.9,71.6,99.9,0.35,0.41,46
2012,Tamil Nadu,Tiruvannamalai,27.6,82.9,168.9,0.58,0.56,111
2013,Tamil Nadu,Tiruvannamalai,27.7,70.9,136.6,0.44,0.67,22
2014,Tamil Nadu,Tiruvannamalai,31.9,78.4,168.8,0.35,0.78,144
2015,Tamil Nadu,Tiruvannamalai,26.8,70.1,127.1,0.47,0.61,78
2016,Tamil Nadu,Tiruvannamalai,30.0,66.7,147.9,0.61,0.7,78
2017,Tamil Nadu,Tiruvannamalai,32.8,66.2,151.2,0.51,0.5,191
2018,Tamil Nadu,Tiruvannamalai,26.2,66.4,162.3,0.37,0.5,139
2019,Tamil Nadu,Tiruvannamalai,34.5,67.9,180.3,0.33,0.53,39
2020,Tamil Nadu,Tiruvannamalai,26.6,66.0,131.4,0.7,0.57,116
2021,Tamil Nadu,Tiruvannamalai,28.0,79.8,150.8,0.37,0.59,36
2022,Tamil Nadu,Tiruvannamalai,28.3,72.7,116.6,0.52,0.59,187
2023,Tamil Nadu,Tiruvannamalai,29.0,71.5,110.9,0.67,0.54,120
2024,Tamil Nadu,Tiruvannamalai,34.5,69.6,143.9,0.45,0.65,181
2025,Tamil Nadu,Tiruvannamalai,33.0,65.2,108.2,0.66,0.7,148
2000,Tamil Nadu,Tiruvarur,29.6,79.4,142.0,0.63,0.5,162
2001,Tamil Nadu,Tiruvarur,29.4,70.4,114.2,0.39,0.65,37
2002,Tamil Nadu,Tiruvarur,26.1,72.2,184.4,0.33,0.64,76
2003,Tamil Nadu,Tiruvarur,32.4,67.1,154.4,0.67,0.45,54
2004,Tamil Nadu,Tiruvarur,35.5,76.7,165.4,0.46,0.43,119
2005,Tamil Nadu,Tiruvarur,31.5,66.5,117.5,0.3,0.64,164
2006,Tamil Nadu,Tiruvarur,34.6,65.4,163.8,0.57,0.78,42
2007,Tamil Nadu,Tiruvarur,28.4,80.8,143.8,0.47,0.6,167
2008,Tamil Nadu,Tiruvarur,31.2,78.4,145.7,0.61,0.44,172
2009,Tamil Nadu,Tiruvarur,33.6,62.0,142.3,0.57,0.51,85
2010,Tamil Nadu,Tiruvarur,26.2,84.8,198.7,0.33,0.73,105
2011,Tamil Nadu,Tiruvarur,27.2,78.4,193.0,0.37,0.75,151
2012,Tamil Nadu,Tiruvarur,34.3,76.8,165.8,0.31,0.64,111
2013,Tamil Nadu,Tiruvarur,31.7,61.7,168.7,0.62,0.55,21
2014,Tamil Nadu,Tiruvarur,34.9,65.7,170.5,0.59,0.57,53
2015,Tamil Nadu,Tiruvarur,27.2,73.1,100.8,0.42,0.75,70
2016,Tamil Nadu,Tiruvarur,29.0,77.8,181.4,0.7,0.74,169
2017,Tamil Nadu,Tiruvarur,26.5,62.7,168.0,0.66,0.48,129
2018,Tamil Nadu,Tiruvarur,28.2,68.0,168.0,0.32,0.57,48
2019,Tamil Nadu,Tiruvarur,32.0,72.5,82.6,0.49,0.51,138
2020,Tamil Nadu,Tiruvarur,34.5,83.1,89.3,0.63,0.58,160
2021,Tamil Nadu,Tiruvarur,33.5,81.8,111.9,0.32,0.5,185
2022,Tamil Nadu,Tiruvarur,29.3,68.7,128.5,0.66,0.53,135
2023,Tamil Nadu,Tiruvarur,32.7,71.7,138.5,0.43,0.68,192
2024,Tamil Nadu,Tiruvarur,26.7,64.9,95.3,0.46,0.79,21
2025,Tamil Nadu,Tiruvarur,30.3,68.7,131.5,0.54,0.57,152
2000,Tamil Nadu,Vellore,27.7,75.8,167.7,0.67,0.54,156
2001,Tamil Nadu,Vellore,30.6,62.8,175.4,0.31,0.67,48
2002,Tamil Nadu,Vellore,28.1,73.8,114.0,0.31,0.61,83
2003,Tamil Nadu,Vellore,33.5,74.5,181.7,0.43,0.55,87
2004,Tamil Nadu,Vellore,33.2,67.3,93.6,0.69,0.8,154
2005,Tamil Nadu,Vellore,32.3,81.4,118.9,0.62,0.78,54
2006,Tamil Nadu,Vellore,26.9,66.0,152.9,0.31,0.69,193
2007,Tamil Nadu,Vellore,32.7,62.6,102.7,0.69,0.48,87
2008,Tamil Nadu,Vellore,28.2,83.0,150.0,0.37,0.53,137
2009,Tamil Nadu,Vellore,33.4,81.2,154.9,0.61,0.64,55
2010,Tamil Nadu,Vellore,28.8,75.9,112.1,0.34,0.69,117
2011,Tamil Nadu,Vellore,29.3,83.6,84.6,0.4,0.58,124
2012,Tamil Nadu,Vellore,32.2,60.3,142.6,0.65,0.46,91
2013,Tamil Nadu,Vellore,31.2,84.1,128.4,0.68,0.5,99
2014,Tamil Nadu,Vellore,27.2,66.0,121.3,0.4,0.53,163
2015,Tamil Nadu,Vellore,31.2,61.9,116.9,0.61,0.55,92
2016,Tamil Nadu,Vellore,28.3,60.5,116.3,0.31,0.6,166
2017,Tamil Nadu,Vellore,30.9,60.1,189.2,0.44,0.51,66
2018,Tamil Nadu,Vellore,28.9,67.1,82.5,0.51,0.44,154
2019,Tamil Nadu,Vellore,29.6,67.8,89.0,0.43,0.48,135
2020,Tamil Nadu,Vellore,32.4,68.5,123.6,0.59,0.48,136
2021,Tamil Nadu,Vellore,27.0,63.4,181.4,0.56,0.5,171
2022,Tamil Nadu,Vellore,26.2,69.2,198.1,0.62,0.52,88
2023,Tamil Nadu,Vellore,31.0,83.0,154.1,0.67,0.42,104
2024,Tamil Nadu,Vellore,32.8,71.4,193.9,0.61,0.6,124
2025,Tamil Nadu,Vellore,35.9,67.9,138.7,0.42,0.44,30
2000,Tamil Nadu,Viluppuram,30.9,65.7,184.8,0.34,0.61,22
2001,Tamil Nadu,Viluppuram,32.8,69.8,170.6,0.48,0.43,180
2002,Tamil Nadu,Viluppuram,26.9,70.1,82.7,0.69,0.59,150
2003,Tamil Nadu,Viluppuram,33.1,68.4,157.5,0.31,0.46,167
2004,Tamil Nadu,Viluppuram,29.0,78.3,105.7,0.41,0.64,20
2005,Tamil Nadu,Viluppuram,27.4,71.3,197.5,0.56,0.46,40
2006,Tamil Nadu,Viluppuram,26.8,82.9,94.1,0.59,0.66,161
2007,Tamil Nadu,Viluppuram,28.0,66.9,148.8,0.47,0.51,26
2008,Tamil Nadu,Viluppuram,27.4,81.0,126.5,0.44,0.47,76
2009,Tamil Nadu,Viluppuram,34.8,61.1,92.1,0.57,0.47,167
2010,Tamil Nadu,Viluppuram,30.0,79.9,118.3,0.35,0.55,72
2011,Tamil Nadu,Viluppuram,28.3,83.8,110.3,0.57,0.56,37
2012,Tamil Nadu,Viluppuram,28.1,78.8,179.4,0.63,0.63,35
2013,Tamil Nadu,Viluppuram,28.4,70.7,156.6,0.34,0.56,188
2014,Tamil Nadu,Viluppuram,31.5,63.7,149.3,0.32,0.5,140
2015,Tamil Nadu,Viluppuram,31.2,65.9,83.2,0.58,0.63,123
2016,Tamil Nadu,Viluppuram,30.5,83.5,137.6,0.4,0.74,20
2017,Tamil Nadu,Viluppuram,30.2,75.0,183.0,0.31,0.58,27
2018,Tamil Nadu,Viluppuram,34.5,71.0,84.2,0.3,0.47,22
2019,Tamil Nadu,Viluppuram,29.5,61.7,134.5,0.52,0.42,76
2020,Tamil Nadu,Viluppuram,30.4,63.4,199.4,0.45,0.49,34
2021,Tamil Nadu,Viluppuram,29.3,74.5,128.2,0.57,0.6,169
2022,Tamil Nadu,Viluppuram,30.9,75.3,91.7,0.55,0.62,146
2023,Tamil Nadu,Viluppuram,29.5,77.4,151.5,0.37,0.76,33
2024,Tamil Nadu,Viluppuram,26.7,63.2,94.6,0.53,0.8,156
2025,Tamil Nadu,Viluppuram,26.9,67.2,193.6,0.39,0.68,54
2000,Tamil Nadu,Virudhunagar,32.1,72.7,123.8,0.49,0.75,36
2001,Tamil Nadu,Virudhunagar,27.8,79.2,142.5,0.44,0.69,159
2002,Tamil Nadu,Virudhunagar,30.9,63.5,157.7,0.48,0.71,111
2003,Tamil Nadu,Virudhunagar,35.6,68.6,93.7,0.57,0.44,75
2004,Tamil Nadu,Virudhunagar,31.3,83.0,169.6,0.49,0.45,92
2005,Tamil Nadu,Virudhunagar,32.3,65.3,136.9,0.37,0.76,111
2006,Tamil Nadu,Virudhunagar,26.2,73.6,134.0,0.38,0.58,103
2007,Tamil Nadu,Virudhunagar,34.3,66.8,199.3,0.69,0.65,69
2008,Tamil Nadu,Virudhunagar,29.4,69.8,194.8,0.31,0.58,81
2009,Tamil Nadu,Virudhunagar,35.0,71.3,147.7,0.55,0.64,29
2010,Tamil Nadu,Virudhunagar,27.2,77.6,159.7,0.32,0.65,46
2011,Tamil Nadu,Virudhunagar,33.5,78.6,145.2,0.61,0.49,83
2012,Tamil Nadu,Virudhunagar,35.0,81.7,129.4,0.45,0.8,59
2013,Tamil Nadu,Virudhunagar,35.1,65.3,184.9,0.64,0.43,48
2014,Tamil Nadu,Virudhunagar,33.3,60.0,192.1,0.39,0.45,97
2015,Tamil Nadu,Virudhunagar,34.1,78.9,144.6,0.56,0.42,90
2016,Tamil Nadu,Virudhunagar,33.0,83.8,99.3,0.58,0.41,44
2017,Tamil Nadu,Virudhunagar,31.9,80.9,153.8,0.53,0.45,186
2018,Tamil Nadu,Virudhunagar,35.9,83.6,91.3,0.43,0.72,169
2019,Tamil Nadu,Virudhunagar,35.4,60.9,122.1,0.49,0.77,191
2020,Tamil Nadu,Virudhunagar,29.5,77.4,80.1,0.5,0.64,49
2021,Tamil Nadu,Virudhunagar,36.0,70.6,190.5,0.55,0.76,191
2022,Tamil Nadu,Virudhunagar,27.8,65.1,82.4,0.51,0.5,70
2023,Tamil Nadu,Virudhunagar,33.4,72.1,109.8,0.48,0.7,106
2024,Tamil Nadu,Virudhunagar,34.5,60.5,148.2,0.46,0.46,129
2025,Tamil Nadu,Virudhunagar,35.3,63.1,169.7,0.42,0.43,185
